{"cameraMode":{"drawMode":0,"name":"Shaded","section":"Shading Mode"},"sceneLighting":true,"audioPlay":false,"sceneViewState":{"m_AlwaysRefresh":false,"showFog":true,"showSkybox":true,"showFlares":true,"showImageEffects":true,"showParticleSystems":true,"showVisualEffectGraphs":true,"m_FxEnabled":true},"in2DMode":false,"pivot":{"x":-12.241880416870118,"y":-6.257338047027588,"z":5.531766414642334},"rotation":{"x":-0.17415474355220796,"y":0.38875991106033327,"z":-0.07509308308362961,"w":-0.9016114473342896},"size":11.719795227050782,"orthographic":false}