{"cameraMode":{"drawMode":0,"name":"Shaded","section":"Shading Mode"},"sceneLighting":true,"audioPlay":false,"sceneViewState":{"m_AlwaysRefresh":false,"showFog":true,"showSkybox":true,"showFlares":true,"showImageEffects":true,"showParticleSystems":true,"showVisualEffectGraphs":true,"m_FxEnabled":true},"in2DMode":false,"pivot":{"x":-0.5789051055908203,"y":-10.491783142089844,"z":-1.4129629135131837},"rotation":{"x":0.26378753781318667,"y":0.7276731729507446,"z":-0.37773647904396059,"w":0.5081702470779419},"size":26.442033767700197,"orthographic":false}